{"mean": [0.07936507936507936, 0.5555555555555556, 0.31746031746031744, 0.047619047619047616, 0.2222222222222222, 0.36507936507936506, 0.2222222222222222, 0.5396825396825397, 0.15873015873015872, 0.3333333333333333, 0.36507936507936506, 0.2222222222222222, 0.7619047619047619, 0.15873015873015872], "var": [0.07306626354245405, 0.24691358024691365, 0.21667926429831197, 0.045351473922902494, 0.17283950617283952, 0.2317964222726128, 0.17283950617283952, 0.24842529604434363, 0.13353489543965733, 0.22222222222222224, 0.2317964222726128, 0.17283950617283952, 0.1814058956916099, 0.13353489543965733], "scale": [0.2703077200940699, 0.49690399499995336, 0.4654881999560375, 0.21295885499997996, 0.41573970964154905, 0.48145240914613024, 0.41573970964154905, 0.4984228085113518, 0.3654242677213123, 0.4714045207910317, 0.48145240914613024, 0.41573970964154905, 0.4259177099999598, 0.3654242677213123]}