{"mean": [0.06896551724137931, 0.632183908045977, 0.2413793103448276, 0.05747126436781609, 0.25287356321839083, 0.4827586206896552, 0.25287356321839083, 0.3793103448275862, 0.26436781609195403, 0.4482758620689655, 0.4827586206896552, 0.25287356321839083, 0.632183908045977, 0.26436781609195403], "var": [0.06420927467300835, 0.23252741445369274, 0.18311533888228299, 0.05416831813978066, 0.18892852424362533, 0.2497027348394767, 0.18892852424362533, 0.23543400713436388, 0.19447747390672476, 0.24732461355529137, 0.2497027348394767, 0.18892852424362533, 0.23252741445369274, 0.19447747390672476], "scale": [0.25339549063274264, 0.4822109646759318, 0.42791978089623645, 0.23274088196915613, 0.4346590896825066, 0.49970264642032536, 0.4346590896825066, 0.48521542343001, 0.44099600214369833, 0.4973174173053779, 0.49970264642032536, 0.4346590896825066, 0.4822109646759318, 0.44099600214369833]}