{"mean": [0.04054054054054054, 0.4864864864864865, 0.40540540540540543, 0.06756756756756757, 0.22972972972972974, 0.47297297297297297, 0.22972972972972974, 0.43243243243243246, 0.22972972972972974, 0.40540540540540543, 0.47297297297297297, 0.22972972972972974, 0.6621621621621622, 0.22972972972972974], "var": [0.038897005113221333, 0.2498173849525201, 0.24105186267348422, 0.06300219138056976, 0.17695398100803508, 0.24926953981008032, 0.17695398100803508, 0.24543462381300224, 0.17695398100803508, 0.24105186267348425, 0.24926953981008032, 0.17695398100803508, 0.22370343316289265, 0.17695398100803508], "scale": [0.19722323674765438, 0.4998173515920792, 0.4909703276914851, 0.25100237325684743, 0.4206589842236049, 0.4992690054570585, 0.4206589842236049, 0.49541358864387464, 0.4206589842236049, 0.4909703276914851, 0.4992690054570585, 0.4206589842236049, 0.472972972972973, 0.4206589842236049]}